[
{ "name": "debug_accountRangeAt", "params": ["", 0, "", 0], "returns": {}},
{ "name": "debug_traceTransaction", "params": ["", {}], "returns": {}},
{ "name": "debug_storageRangeAt", "params": ["", 0, "", "", 0], "returns": {}},
{ "name": "debug_preimage", "params": [""], "returns": ""},
{ "name": "debug_traceBlockByNumber", "params": [0, {}], "returns": {}},
{ "name": "debug_traceBlockByHash", "params": ["", {}], "returns": {}},
{ "name": "debug_traceCall", "params": [{}, "", {}], "returns": {}}
]
