[{"name":"akroma","path":"dist/contracts/akroma","sha":"f2d59644a1cdea5e8f55462f12fcc2c4a6954c0d","size":0,"url":"https://api.github.com/repos/MyEtherWallet/ethereum-lists/contents/dist/contracts/akroma?ref=master","html_url":"https://github.com/MyEtherWallet/ethereum-lists/tree/master/dist/contracts/akroma","git_url":"https://api.github.com/repos/MyEtherWallet/ethereum-lists/git/trees/f2d59644a1cdea5e8f55462f12fcc2c4a6954c0d","download_url":null,"type":"dir","_links":{"self":"https://api.github.com/repos/MyEtherWallet/ethereum-lists/contents/dist/contracts/akroma?ref=master","git":"https://api.github.com/repos/MyEtherWallet/ethereum-lists/git/trees/f2d59644a1cdea5e8f55462f12fcc2c4a6954c0d","html":"https://github.com/MyEtherWallet/ethereum-lists/tree/master/dist/contracts/akroma"}},{"name":"ath","path":"dist/contracts/ath","sha":"b70b68a15b89e95441802fe0e3ea5f0f455c00e4","size":0,"url":"https://api.github.com/repos/MyEtherWallet/ethereum-lists/contents/dist/contracts/ath?ref=master","html_url":"https://github.com/MyEtherWallet/ethereum-lists/tree/master/dist/contracts/ath","git_url":"https://api.github.com/repos/MyEtherWallet/ethereum-lists/git/trees/b70b68a15b89e95441802fe0e3ea5f0f455c00e4","download_url":null,"type":"dir","_links":{"self":"https://api.github.com/repos/MyEtherWallet/ethereum-lists/contents/dist/contracts/ath?ref=master","git":"https://api.github.com/repos/MyEtherWallet/ethereum-lists/git/trees/b70b68a15b89e95441802fe0e3ea5f0f455c00e4","html":"https://github.com/MyEtherWallet/ethereum-lists/tree/master/dist/contracts/ath"}},{"name":"clo","path":"dist/contracts/clo","sha":"287303da66e197ea88e6e47d8d744250385dd923","size":0,"url":"https://api.github.com/repos/MyEtherWallet/ethereum-lists/contents/dist/contracts/clo?ref=master","html_url":"https://github.com/MyEtherWallet/ethereum-lists/tree/master/dist/contracts/clo","git_url":"https://api.github.com/repos/MyEtherWallet/ethereum-lists/git/trees/287303da66e197ea88e6e47d8d744250385dd923","download_url":null,"type":"dir","_links":{"self":"https://api.github.com/repos/MyEtherWallet/ethereum-lists/contents/dist/contracts/clo?ref=master","git":"https://api.github.com/repos/MyEtherWallet/ethereum-lists/git/trees/287303da66e197ea88e6e47d8d744250385dd923","html":"https://github.com/MyEtherWallet/ethereum-lists/tree/master/dist/contracts/clo"}},{"name":"egem","path":"dist/contracts/egem","sha":"c8c11c8030db786d2f74124226bafcfdb0e4361b","size":0,"url":"https://api.github.com/repos/MyEtherWallet/ethereum-lists/contents/dist/contracts/egem?ref=master","html_url":"https://github.com/MyEtherWallet/ethereum-lists/tree/master/dist/contracts/egem","git_url":"https://api.github.com/repos/MyEtherWallet/ethereum-lists/git/trees/c8c11c8030db786d2f74124226bafcfdb0e4361b","download_url":null,"type":"dir","_links":{"self":"https://api.github.com/repos/MyEtherWallet/ethereum-lists/contents/dist/contracts/egem?ref=master","git":"https://api.github.com/repos/MyEtherWallet/ethereum-lists/git/trees/c8c11c8030db786d2f74124226bafcfdb0e4361b","html":"https://github.com/MyEtherWallet/ethereum-lists/tree/master/dist/contracts/egem"}},{"name":"ella","path":"dist/contracts/ella","sha":"92f0b3c1d7ba9ce66091e1c96d5597b35374e2eb","size":0,"url":"https://api.github.com/repos/MyEtherWallet/ethereum-lists/contents/dist/contracts/ella?ref=master","html_url":"https://github.com/MyEtherWallet/ethereum-lists/tree/master/dist/contracts/ella","git_url":"https://api.github.com/repos/MyEtherWallet/ethereum-lists/git/trees/92f0b3c1d7ba9ce66091e1c96d5597b35374e2eb","download_url":null,"type":"dir","_links":{"self":"https://api.github.com/repos/MyEtherWallet/ethereum-lists/contents/dist/contracts/ella?ref=master","git":"https://api.github.com/repos/MyEtherWallet/ethereum-lists/git/trees/92f0b3c1d7ba9ce66091e1c96d5597b35374e2eb","html":"https://github.com/MyEtherWallet/ethereum-lists/tree/master/dist/contracts/ella"}},{"name":"esn","path":"dist/contracts/esn","sha":"7a38fa9e0b437188bd5ca3b49cbdff508411b973","size":0,"url":"https://api.github.com/repos/MyEtherWallet/ethereum-lists/contents/dist/contracts/esn?ref=master","html_url":"https://github.com/MyEtherWallet/ethereum-lists/tree/master/dist/contracts/esn","git_url":"https://api.github.com/repos/MyEtherWallet/ethereum-lists/git/trees/7a38fa9e0b437188bd5ca3b49cbdff508411b973","download_url":null,"type":"dir","_links":{"self":"https://api.github.com/repos/MyEtherWallet/ethereum-lists/contents/dist/contracts/esn?ref=master","git":"https://api.github.com/repos/MyEtherWallet/ethereum-lists/git/trees/7a38fa9e0b437188bd5ca3b49cbdff508411b973","html":"https://github.com/MyEtherWallet/ethereum-lists/tree/master/dist/contracts/esn"}},{"name":"etc","path":"dist/contracts/etc","sha":"25941e1aa77c7ee17cfd0b9177d22ff904a9df85","size":0,"url":"https://api.github.com/repos/MyEtherWallet/ethereum-lists/contents/dist/contracts/etc?ref=master","html_url":"https://github.com/MyEtherWallet/ethereum-lists/tree/master/dist/contracts/etc","git_url":"https://api.github.com/repos/MyEtherWallet/ethereum-lists/git/trees/25941e1aa77c7ee17cfd0b9177d22ff904a9df85","download_url":null,"type":"dir","_links":{"self":"https://api.github.com/repos/MyEtherWallet/ethereum-lists/contents/dist/contracts/etc?ref=master","git":"https://api.github.com/repos/MyEtherWallet/ethereum-lists/git/trees/25941e1aa77c7ee17cfd0b9177d22ff904a9df85","html":"https://github.com/MyEtherWallet/ethereum-lists/tree/master/dist/contracts/etc"}},{"name":"eth","path":"dist/contracts/eth","sha":"e52b1f0a8e6aa90bc6d3a413cbd4905e3feac281","size":0,"url":"https://api.github.com/repos/MyEtherWallet/ethereum-lists/contents/dist/contracts/eth?ref=master","html_url":"https://github.com/MyEtherWallet/ethereum-lists/tree/master/dist/contracts/eth","git_url":"https://api.github.com/repos/MyEtherWallet/ethereum-lists/git/trees/e52b1f0a8e6aa90bc6d3a413cbd4905e3feac281","download_url":null,"type":"dir","_links":{"self":"https://api.github.com/repos/MyEtherWallet/ethereum-lists/contents/dist/contracts/eth?ref=master","git":"https://api.github.com/repos/MyEtherWallet/ethereum-lists/git/trees/e52b1f0a8e6aa90bc6d3a413cbd4905e3feac281","html":"https://github.com/MyEtherWallet/ethereum-lists/tree/master/dist/contracts/eth"}},{"name":"etho","path":"dist/contracts/etho","sha":"20a515e162bcba8af16e48a555603c2c973de082","size":0,"url":"https://api.github.com/repos/MyEtherWallet/ethereum-lists/contents/dist/contracts/etho?ref=master","html_url":"https://github.com/MyEtherWallet/ethereum-lists/tree/master/dist/contracts/etho","git_url":"https://api.github.com/repos/MyEtherWallet/ethereum-lists/git/trees/20a515e162bcba8af16e48a555603c2c973de082","download_url":null,"type":"dir","_links":{"self":"https://api.github.com/repos/MyEtherWallet/ethereum-lists/contents/dist/contracts/etho?ref=master","git":"https://api.github.com/repos/MyEtherWallet/ethereum-lists/git/trees/20a515e162bcba8af16e48a555603c2c973de082","html":"https://github.com/MyEtherWallet/ethereum-lists/tree/master/dist/contracts/etho"}},{"name":"etsc","path":"dist/contracts/etsc","sha":"0206748f3b78b2615e7e2f633cff0ad379e52fef","size":0,"url":"https://api.github.com/repos/MyEtherWallet/ethereum-lists/contents/dist/contracts/etsc?ref=master","html_url":"https://github.com/MyEtherWallet/ethereum-lists/tree/master/dist/contracts/etsc","git_url":"https://api.github.com/repos/MyEtherWallet/ethereum-lists/git/trees/0206748f3b78b2615e7e2f633cff0ad379e52fef","download_url":null,"type":"dir","_links":{"self":"https://api.github.com/repos/MyEtherWallet/ethereum-lists/contents/dist/contracts/etsc?ref=master","git":"https://api.github.com/repos/MyEtherWallet/ethereum-lists/git/trees/0206748f3b78b2615e7e2f633cff0ad379e52fef","html":"https://github.com/MyEtherWallet/ethereum-lists/tree/master/dist/contracts/etsc"}},{"name":"exp","path":"dist/contracts/exp","sha":"bbfffd2a1fb5524fd869343aa099a8cd29592023","size":0,"url":"https://api.github.com/repos/MyEtherWallet/ethereum-lists/contents/dist/contracts/exp?ref=master","html_url":"https://github.com/MyEtherWallet/ethereum-lists/tree/master/dist/contracts/exp","git_url":"https://api.github.com/repos/MyEtherWallet/ethereum-lists/git/trees/bbfffd2a1fb5524fd869343aa099a8cd29592023","download_url":null,"type":"dir","_links":{"self":"https://api.github.com/repos/MyEtherWallet/ethereum-lists/contents/dist/contracts/exp?ref=master","git":"https://api.github.com/repos/MyEtherWallet/ethereum-lists/git/trees/bbfffd2a1fb5524fd869343aa099a8cd29592023","html":"https://github.com/MyEtherWallet/ethereum-lists/tree/master/dist/contracts/exp"}},{"name":"go","path":"dist/contracts/go","sha":"8923cc5f674cc1661e8f41b36de44dfd186e4b8c","size":0,"url":"https://api.github.com/repos/MyEtherWallet/ethereum-lists/contents/dist/contracts/go?ref=master","html_url":"https://github.com/MyEtherWallet/ethereum-lists/tree/master/dist/contracts/go","git_url":"https://api.github.com/repos/MyEtherWallet/ethereum-lists/git/trees/8923cc5f674cc1661e8f41b36de44dfd186e4b8c","download_url":null,"type":"dir","_links":{"self":"https://api.github.com/repos/MyEtherWallet/ethereum-lists/contents/dist/contracts/go?ref=master","git":"https://api.github.com/repos/MyEtherWallet/ethereum-lists/git/trees/8923cc5f674cc1661e8f41b36de44dfd186e4b8c","html":"https://github.com/MyEtherWallet/ethereum-lists/tree/master/dist/contracts/go"}},{"name":"goerli","path":"dist/contracts/goerli","sha":"7f25706eb2e179b2c1c23db08ede7f29a64133c6","size":0,"url":"https://api.github.com/repos/MyEtherWallet/ethereum-lists/contents/dist/contracts/goerli?ref=master","html_url":"https://github.com/MyEtherWallet/ethereum-lists/tree/master/dist/contracts/goerli","git_url":"https://api.github.com/repos/MyEtherWallet/ethereum-lists/git/trees/7f25706eb2e179b2c1c23db08ede7f29a64133c6","download_url":null,"type":"dir","_links":{"self":"https://api.github.com/repos/MyEtherWallet/ethereum-lists/contents/dist/contracts/goerli?ref=master","git":"https://api.github.com/repos/MyEtherWallet/ethereum-lists/git/trees/7f25706eb2e179b2c1c23db08ede7f29a64133c6","html":"https://github.com/MyEtherWallet/ethereum-lists/tree/master/dist/contracts/goerli"}},{"name":"iolite","path":"dist/contracts/iolite","sha":"7c19a499797502d03e05a270380959dde01cf805","size":0,"url":"https://api.github.com/repos/MyEtherWallet/ethereum-lists/contents/dist/contracts/iolite?ref=master","html_url":"https://github.com/MyEtherWallet/ethereum-lists/tree/master/dist/contracts/iolite","git_url":"https://api.github.com/repos/MyEtherWallet/ethereum-lists/git/trees/7c19a499797502d03e05a270380959dde01cf805","download_url":null,"type":"dir","_links":{"self":"https://api.github.com/repos/MyEtherWallet/ethereum-lists/contents/dist/contracts/iolite?ref=master","git":"https://api.github.com/repos/MyEtherWallet/ethereum-lists/git/trees/7c19a499797502d03e05a270380959dde01cf805","html":"https://github.com/MyEtherWallet/ethereum-lists/tree/master/dist/contracts/iolite"}},{"name":"kov","path":"dist/contracts/kov","sha":"45bf82f72a1ad560ba5b95cd287e38e1694d387b","size":0,"url":"https://api.github.com/repos/MyEtherWallet/ethereum-lists/contents/dist/contracts/kov?ref=master","html_url":"https://github.com/MyEtherWallet/ethereum-lists/tree/master/dist/contracts/kov","git_url":"https://api.github.com/repos/MyEtherWallet/ethereum-lists/git/trees/45bf82f72a1ad560ba5b95cd287e38e1694d387b","download_url":null,"type":"dir","_links":{"self":"https://api.github.com/repos/MyEtherWallet/ethereum-lists/contents/dist/contracts/kov?ref=master","git":"https://api.github.com/repos/MyEtherWallet/ethereum-lists/git/trees/45bf82f72a1ad560ba5b95cd287e38e1694d387b","html":"https://github.com/MyEtherWallet/ethereum-lists/tree/master/dist/contracts/kov"}},{"name":"mix","path":"dist/contracts/mix","sha":"829e874ffbb5f6a6b6bae613ec54acbd05a4e6ba","size":0,"url":"https://api.github.com/repos/MyEtherWallet/ethereum-lists/contents/dist/contracts/mix?ref=master","html_url":"https://github.com/MyEtherWallet/ethereum-lists/tree/master/dist/contracts/mix","git_url":"https://api.github.com/repos/MyEtherWallet/ethereum-lists/git/trees/829e874ffbb5f6a6b6bae613ec54acbd05a4e6ba","download_url":null,"type":"dir","_links":{"self":"https://api.github.com/repos/MyEtherWallet/ethereum-lists/contents/dist/contracts/mix?ref=master","git":"https://api.github.com/repos/MyEtherWallet/ethereum-lists/git/trees/829e874ffbb5f6a6b6bae613ec54acbd05a4e6ba","html":"https://github.com/MyEtherWallet/ethereum-lists/tree/master/dist/contracts/mix"}},{"name":"music","path":"dist/contracts/music","sha":"234efb54e981a1f8e4830bf4e1ee28a1622281a5","size":0,"url":"https://api.github.com/repos/MyEtherWallet/ethereum-lists/contents/dist/contracts/music?ref=master","html_url":"https://github.com/MyEtherWallet/ethereum-lists/tree/master/dist/contracts/music","git_url":"https://api.github.com/repos/MyEtherWallet/ethereum-lists/git/trees/234efb54e981a1f8e4830bf4e1ee28a1622281a5","download_url":null,"type":"dir","_links":{"self":"https://api.github.com/repos/MyEtherWallet/ethereum-lists/contents/dist/contracts/music?ref=master","git":"https://api.github.com/repos/MyEtherWallet/ethereum-lists/git/trees/234efb54e981a1f8e4830bf4e1ee28a1622281a5","html":"https://github.com/MyEtherWallet/ethereum-lists/tree/master/dist/contracts/music"}},{"name":"pirl","path":"dist/contracts/pirl","sha":"f10b6ce47e1219e2e3ca1558243302e079e9901c","size":0,"url":"https://api.github.com/repos/MyEtherWallet/ethereum-lists/contents/dist/contracts/pirl?ref=master","html_url":"https://github.com/MyEtherWallet/ethereum-lists/tree/master/dist/contracts/pirl","git_url":"https://api.github.com/repos/MyEtherWallet/ethereum-lists/git/trees/f10b6ce47e1219e2e3ca1558243302e079e9901c","download_url":null,"type":"dir","_links":{"self":"https://api.github.com/repos/MyEtherWallet/ethereum-lists/contents/dist/contracts/pirl?ref=master","git":"https://api.github.com/repos/MyEtherWallet/ethereum-lists/git/trees/f10b6ce47e1219e2e3ca1558243302e079e9901c","html":"https://github.com/MyEtherWallet/ethereum-lists/tree/master/dist/contracts/pirl"}},{"name":"poa","path":"dist/contracts/poa","sha":"d20cd61eaf28649b534e7e71bd3822f168416dd0","size":0,"url":"https://api.github.com/repos/MyEtherWallet/ethereum-lists/contents/dist/contracts/poa?ref=master","html_url":"https://github.com/MyEtherWallet/ethereum-lists/tree/master/dist/contracts/poa","git_url":"https://api.github.com/repos/MyEtherWallet/ethereum-lists/git/trees/d20cd61eaf28649b534e7e71bd3822f168416dd0","download_url":null,"type":"dir","_links":{"self":"https://api.github.com/repos/MyEtherWallet/ethereum-lists/contents/dist/contracts/poa?ref=master","git":"https://api.github.com/repos/MyEtherWallet/ethereum-lists/git/trees/d20cd61eaf28649b534e7e71bd3822f168416dd0","html":"https://github.com/MyEtherWallet/ethereum-lists/tree/master/dist/contracts/poa"}},{"name":"reosc","path":"dist/contracts/reosc","sha":"5908b8b2d21adf46a1a59ecb61d65bf5930424b1","size":0,"url":"https://api.github.com/repos/MyEtherWallet/ethereum-lists/contents/dist/contracts/reosc?ref=master","html_url":"https://github.com/MyEtherWallet/ethereum-lists/tree/master/dist/contracts/reosc","git_url":"https://api.github.com/repos/MyEtherWallet/ethereum-lists/git/trees/5908b8b2d21adf46a1a59ecb61d65bf5930424b1","download_url":null,"type":"dir","_links":{"self":"https://api.github.com/repos/MyEtherWallet/ethereum-lists/contents/dist/contracts/reosc?ref=master","git":"https://api.github.com/repos/MyEtherWallet/ethereum-lists/git/trees/5908b8b2d21adf46a1a59ecb61d65bf5930424b1","html":"https://github.com/MyEtherWallet/ethereum-lists/tree/master/dist/contracts/reosc"}},{"name":"rin","path":"dist/contracts/rin","sha":"2b7d55983b23150240ecdca2addfdf39fdf632d5","size":0,"url":"https://api.github.com/repos/MyEtherWallet/ethereum-lists/contents/dist/contracts/rin?ref=master","html_url":"https://github.com/MyEtherWallet/ethereum-lists/tree/master/dist/contracts/rin","git_url":"https://api.github.com/repos/MyEtherWallet/ethereum-lists/git/trees/2b7d55983b23150240ecdca2addfdf39fdf632d5","download_url":null,"type":"dir","_links":{"self":"https://api.github.com/repos/MyEtherWallet/ethereum-lists/contents/dist/contracts/rin?ref=master","git":"https://api.github.com/repos/MyEtherWallet/ethereum-lists/git/trees/2b7d55983b23150240ecdca2addfdf39fdf632d5","html":"https://github.com/MyEtherWallet/ethereum-lists/tree/master/dist/contracts/rin"}},{"name":"rop","path":"dist/contracts/rop","sha":"02138a0582691e8ed02b572aaada5889d57a5442","size":0,"url":"https://api.github.com/repos/MyEtherWallet/ethereum-lists/contents/dist/contracts/rop?ref=master","html_url":"https://github.com/MyEtherWallet/ethereum-lists/tree/master/dist/contracts/rop","git_url":"https://api.github.com/repos/MyEtherWallet/ethereum-lists/git/trees/02138a0582691e8ed02b572aaada5889d57a5442","download_url":null,"type":"dir","_links":{"self":"https://api.github.com/repos/MyEtherWallet/ethereum-lists/contents/dist/contracts/rop?ref=master","git":"https://api.github.com/repos/MyEtherWallet/ethereum-lists/git/trees/02138a0582691e8ed02b572aaada5889d57a5442","html":"https://github.com/MyEtherWallet/ethereum-lists/tree/master/dist/contracts/rop"}},{"name":"rsk-test","path":"dist/contracts/rsk-test","sha":"5ac3b41671684469ca0caef6ec111c24bc1e3536","size":0,"url":"https://api.github.com/repos/MyEtherWallet/ethereum-lists/contents/dist/contracts/rsk-test?ref=master","html_url":"https://github.com/MyEtherWallet/ethereum-lists/tree/master/dist/contracts/rsk-test","git_url":"https://api.github.com/repos/MyEtherWallet/ethereum-lists/git/trees/5ac3b41671684469ca0caef6ec111c24bc1e3536","download_url":null,"type":"dir","_links":{"self":"https://api.github.com/repos/MyEtherWallet/ethereum-lists/contents/dist/contracts/rsk-test?ref=master","git":"https://api.github.com/repos/MyEtherWallet/ethereum-lists/git/trees/5ac3b41671684469ca0caef6ec111c24bc1e3536","html":"https://github.com/MyEtherWallet/ethereum-lists/tree/master/dist/contracts/rsk-test"}},{"name":"rsk","path":"dist/contracts/rsk","sha":"d8a7e41ea43ae1db6d64121a23f7ca2b3406ba24","size":0,"url":"https://api.github.com/repos/MyEtherWallet/ethereum-lists/contents/dist/contracts/rsk?ref=master","html_url":"https://github.com/MyEtherWallet/ethereum-lists/tree/master/dist/contracts/rsk","git_url":"https://api.github.com/repos/MyEtherWallet/ethereum-lists/git/trees/d8a7e41ea43ae1db6d64121a23f7ca2b3406ba24","download_url":null,"type":"dir","_links":{"self":"https://api.github.com/repos/MyEtherWallet/ethereum-lists/contents/dist/contracts/rsk?ref=master","git":"https://api.github.com/repos/MyEtherWallet/ethereum-lists/git/trees/d8a7e41ea43ae1db6d64121a23f7ca2b3406ba24","html":"https://github.com/MyEtherWallet/ethereum-lists/tree/master/dist/contracts/rsk"}},{"name":"tomo","path":"dist/contracts/tomo","sha":"b34b5bc3c2391d6a3130a34bd790e4a11e42b112","size":0,"url":"https://api.github.com/repos/MyEtherWallet/ethereum-lists/contents/dist/contracts/tomo?ref=master","html_url":"https://github.com/MyEtherWallet/ethereum-lists/tree/master/dist/contracts/tomo","git_url":"https://api.github.com/repos/MyEtherWallet/ethereum-lists/git/trees/b34b5bc3c2391d6a3130a34bd790e4a11e42b112","download_url":null,"type":"dir","_links":{"self":"https://api.github.com/repos/MyEtherWallet/ethereum-lists/contents/dist/contracts/tomo?ref=master","git":"https://api.github.com/repos/MyEtherWallet/ethereum-lists/git/trees/b34b5bc3c2391d6a3130a34bd790e4a11e42b112","html":"https://github.com/MyEtherWallet/ethereum-lists/tree/master/dist/contracts/tomo"}},{"name":"tt","path":"dist/contracts/tt","sha":"077466e356f953d22de32dfee306885c69596baa","size":0,"url":"https://api.github.com/repos/MyEtherWallet/ethereum-lists/contents/dist/contracts/tt?ref=master","html_url":"https://github.com/MyEtherWallet/ethereum-lists/tree/master/dist/contracts/tt","git_url":"https://api.github.com/repos/MyEtherWallet/ethereum-lists/git/trees/077466e356f953d22de32dfee306885c69596baa","download_url":null,"type":"dir","_links":{"self":"https://api.github.com/repos/MyEtherWallet/ethereum-lists/contents/dist/contracts/tt?ref=master","git":"https://api.github.com/repos/MyEtherWallet/ethereum-lists/git/trees/077466e356f953d22de32dfee306885c69596baa","html":"https://github.com/MyEtherWallet/ethereum-lists/tree/master/dist/contracts/tt"}},{"name":"ubq","path":"dist/contracts/ubq","sha":"0a4343c7b6088b9178c1f6d008dd84154410da97","size":0,"url":"https://api.github.com/repos/MyEtherWallet/ethereum-lists/contents/dist/contracts/ubq?ref=master","html_url":"https://github.com/MyEtherWallet/ethereum-lists/tree/master/dist/contracts/ubq","git_url":"https://api.github.com/repos/MyEtherWallet/ethereum-lists/git/trees/0a4343c7b6088b9178c1f6d008dd84154410da97","download_url":null,"type":"dir","_links":{"self":"https://api.github.com/repos/MyEtherWallet/ethereum-lists/contents/dist/contracts/ubq?ref=master","git":"https://api.github.com/repos/MyEtherWallet/ethereum-lists/git/trees/0a4343c7b6088b9178c1f6d008dd84154410da97","html":"https://github.com/MyEtherWallet/ethereum-lists/tree/master/dist/contracts/ubq"}},{"name":"web","path":"dist/contracts/web","sha":"da07afd851af9bc96e829d6185fa45afefd30570","size":0,"url":"https://api.github.com/repos/MyEtherWallet/ethereum-lists/contents/dist/contracts/web?ref=master","html_url":"https://github.com/MyEtherWallet/ethereum-lists/tree/master/dist/contracts/web","git_url":"https://api.github.com/repos/MyEtherWallet/ethereum-lists/git/trees/da07afd851af9bc96e829d6185fa45afefd30570","download_url":null,"type":"dir","_links":{"self":"https://api.github.com/repos/MyEtherWallet/ethereum-lists/contents/dist/contracts/web?ref=master","git":"https://api.github.com/repos/MyEtherWallet/ethereum-lists/git/trees/da07afd851af9bc96e829d6185fa45afefd30570","html":"https://github.com/MyEtherWallet/ethereum-lists/tree/master/dist/contracts/web"}}]