{
  "lastCodepoint": 57693,
  "icons": {
    "1ST": 97,
    "ABYSS": 98,
    "ADA-alt": 99,
    "ADA": 100,
    "ADC-alt": 101,
    "ADC": 102,
    "ADX": 103,
    "AE": 104,
    "AEON-alt": 105,
    "AEON": 106,
    "AION": 107,
    "AMP-alt": 108,
    "AMP": 109,
    "ANC-alt": 110,
    "ANC": 111,
    "ANT": 112,
    "ARCH-alt": 113,
    "ARCH": 114,
    "ARDR-alt": 115,
    "ARDR": 116,
    "ARK-alt": 117,
    "ARK": 118,
    "ARN": 119,
    "AST": 120,
    "ATL": 121,
    "AUR-alt": 122,
    "AUR": 65,
    "BANX-alt": 66,
    "BANX": 67,
    "BAT-alt": 68,
    "BAT": 69,
    "BAY-alt": 70,
    "BAY": 71,
    "BC-alt": 72,
    "BC": 73,
    "BCD": 74,
    "BCH-alt": 75,
    "BCH": 76,
    "BCN-alt": 77,
    "BCN": 78,
    "BCY": 79,
    "BELA": 80,
    "BETR": 81,
    "BFT-alt": 82,
    "BFT": 83,
    "BKX": 84,
    "BLZ": 85,
    "BNB": 86,
    "BNT": 87,
    "BRD": 88,
    "BRK-alt": 89,
    "BRK": 90,
    "BRX-alt": 48,
    "BRX": 49,
    "BSD-alt": 50,
    "BSD": 51,
    "BTA": 52,
    "BTC-alt": 53,
    "BTC": 54,
    "BTCD-alt": 55,
    "BTCD": 56,
    "BTCP-alt": 57,
    "BTCP": 57345,
    "BTG": 57346,
    "BTM-alt": 57347,
    "BTM": 57348,
    "BTS-alt": 57349,
    "BTS": 57350,
    "BURST": 57351,
    "CFI": 57352,
    "CL": 57353,
    "CLAM-alt": 57354,
    "CLAM": 57355,
    "CLOAK-alt": 57356,
    "CLOAK": 57357,
    "CMT": 57358,
    "CTR": 57359,
    "CVC-alt": 57360,
    "CVC": 57361,
    "DAI": 57362,
    "DAO-alt": 57363,
    "DAO": 57364,
    "DAR": 57365,
    "DASH-alt": 57366,
    "DASH": 57367,
    "DCN": 57368,
    "DCR-alt": 57369,
    "DCR": 57370,
    "DCT-alt": 57371,
    "DCT": 57372,
    "DENT": 57373,
    "DGB-alt": 57374,
    "DGB": 57375,
    "DGD": 57376,
    "DGX": 57377,
    "DMD-alt": 57378,
    "DMD": 57379,
    "DNT": 57380,
    "DOGE-alt": 57381,
    "DOGE": 57382,
    "DSH": 57383,
    "EDG": 57384,
    "ELF": 57385,
    "EMC-alt": 57386,
    "EMC": 57387,
    "EMC2-alt": 57388,
    "EMC2": 57389,
    "ENJ": 57390,
    "EOS-alt": 57391,
    "EOS": 57392,
    "ERC-alt": 57393,
    "ERC": 57394,
    "ETC-alt": 57395,
    "ETC": 57396,
    "ETH-alt": 57397,
    "ETH": 57398,
    "EURS": 57399,
    "EXP-alt": 57400,
    "EXP": 57401,
    "FC2-alt": 57402,
    "FC2": 57403,
    "FCN": 57404,
    "FCT-alt": 57405,
    "FCT": 57406,
    "FLDC-alt": 57407,
    "FLDC": 57408,
    "FLO-alt": 57409,
    "FLO": 57410,
    "FRK-alt": 57411,
    "FRK": 57412,
    "FTC-alt": 57413,
    "FTC": 57414,
    "FUN": 57415,
    "GAME-alt": 57416,
    "GAME": 57417,
    "GBG": 57418,
    "GBYTE-alt": 57419,
    "GBYTE": 57420,
    "GDC-alt": 57421,
    "GDC": 57422,
    "GEMZ-alt": 57423,
    "GEMZ": 57424,
    "GLD-alt": 57425,
    "GLD": 57426,
    "GNO-alt": 57427,
    "GNO": 57428,
    "GNT-alt": 57429,
    "GNT": 57430,
    "GOLOS-alt": 57431,
    "GOLOS": 57432,
    "GRC-alt": 57433,
    "GRC": 57434,
    "GRS": 57435,
    "GUP": 57436,
    "GUSD": 57437,
    "HEAT-alt": 57438,
    "HEAT": 57439,
    "HMQ": 57440,
    "HSR": 57441,
    "HUC-alt": 57442,
    "HUC": 57443,
    "ICN-alt": 57444,
    "ICN": 57445,
    "ICX": 57446,
    "IFC-alt": 57447,
    "IFC": 57448,
    "IGNIS": 57449,
    "INCNT-alt": 57450,
    "INCNT": 57451,
    "IOC-alt": 57452,
    "IOC": 57453,
    "IOST": 57454,
    "IOTA-alt": 57455,
    "IOTA": 57456,
    "JBS-alt": 57457,
    "JBS": 57458,
    "KIN": 57459,
    "KMD-alt": 57460,
    "KMD": 57461,
    "KNC": 57462,
    "KOBO": 57463,
    "KORE-alt": 57464,
    "KORE": 57465,
    "LBC-alt": 57466,
    "LBC": 57467,
    "LDOGE-alt": 57468,
    "LDOGE": 57469,
    "LINK": 57470,
    "LRC": 57471,
    "LSK-alt": 57472,
    "LSK": 57473,
    "LTC-alt": 57474,
    "LTC": 57475,
    "LUN": 57476,
    "MAID-alt": 57477,
    "MAID": 57478,
    "MARKS-alt": 57479,
    "MARKS": 57480,
    "MCO-alt": 57481,
    "MCO": 57482,
    "MINT-alt": 57483,
    "MINT": 57484,
    "MITH": 57485,
    "MKR": 57486,
    "MLN": 57487,
    "MONA-alt": 57488,
    "MONA": 57489,
    "MRC": 57490,
    "MSC-alt": 57491,
    "MSC": 57492,
    "MTL-alt": 57493,
    "MTL": 57494,
    "MTR-alt": 57495,
    "MTR": 57496,
    "MUE-alt": 57497,
    "MUE": 57498,
    "MYST-alt": 57499,
    "MYST": 57500,
    "NAV-alt": 57501,
    "NAV": 57502,
    "NBT": 57503,
    "NEO-alt": 57504,
    "NEO": 57505,
    "NEOS-alt": 57506,
    "NEOS": 57507,
    "NEU-alt": 57508,
    "NEU": 57509,
    "NEXO": 57510,
    "NGC": 57511,
    "NLG-alt": 57512,
    "NLG": 57513,
    "NMC-alt": 57514,
    "NMC": 57515,
    "NMR": 57516,
    "NOAH": 57517,
    "NOTE-alt": 57518,
    "NOTE": 57519,
    "NVC-alt": 57520,
    "NVC": 57521,
    "NXT-alt": 57522,
    "NXT": 57523,
    "OK-alt": 57524,
    "OK": 57525,
    "OMG-alt": 57526,
    "OMG": 57527,
    "OMNI-alt": 57528,
    "OMNI": 57529,
    "ONT": 57530,
    "OPAL-alt": 57531,
    "OPAL": 57532,
    "PART-alt": 57533,
    "PART": 57534,
    "PASC": 57535,
    "PAT": 57536,
    "PAY": 57537,
    "PIGGY-alt": 57538,
    "PIGGY": 57539,
    "PINK-alt": 57540,
    "PINK": 57541,
    "PIVX-alt": 57542,
    "PIVX": 57543,
    "POLY": 57544,
    "POT-alt": 57545,
    "POT": 57546,
    "POWR": 57547,
    "PPC-alt": 57548,
    "PPC": 57549,
    "PPT": 57550,
    "PROC": 57551,
    "PTOY": 57552,
    "QCN": 57553,
    "QRK-alt": 57554,
    "QRK": 57555,
    "QTUM-alt": 57556,
    "QTUM": 57557,
    "R": 57558,
    "RADS-alt": 57559,
    "RADS": 57560,
    "RBIES-alt": 57561,
    "RBIES": 57562,
    "RBT-alt": 57563,
    "RBT": 57564,
    "RBY-alt": 57565,
    "RBY": 57566,
    "RCN": 57567,
    "RDD-alt": 57568,
    "RDD": 57569,
    "REP-alt": 57570,
    "REP": 57571,
    "RHOC": 57572,
    "RIC-alt": 57573,
    "RIC": 57574,
    "RISE-alt": 57575,
    "RISE": 57576,
    "RLC": 57577,
    "SALT-alt": 57578,
    "SALT": 57579,
    "SAR-alt": 57580,
    "SAR": 57581,
    "SBD": 57582,
    "SCOT-alt": 57583,
    "SCOT": 57584,
    "SDC-alt": 57585,
    "SDC": 57586,
    "SIA-alt": 57587,
    "SIA": 57588,
    "SJCX-alt": 57589,
    "SJCX": 57590,
    "SKIN": 57591,
    "SLG-alt": 57592,
    "SLG": 57593,
    "SLS-alt": 57594,
    "SLS": 57595,
    "SMART": 57596,
    "SNGLS": 57597,
    "SNM": 57598,
    "SNRG-alt": 57599,
    "SNRG": 57600,
    "SNT": 57601,
    "START-alt": 57602,
    "START": 57603,
    "STEEM-alt": 57604,
    "STEEM": 57605,
    "STORJ": 57606,
    "STRAT-alt": 57607,
    "STRAT": 57608,
    "STX": 57609,
    "SWIFT-alt": 57610,
    "SWIFT": 57611,
    "SWT": 57612,
    "SYNC-alt": 57613,
    "SYNC": 57614,
    "SYS-alt": 57615,
    "SYS": 57616,
    "TEL": 57617,
    "TIME": 57618,
    "TKN": 57619,
    "TRIG-alt": 57620,
    "TRIG": 57621,
    "TRST": 57622,
    "TRX": 57623,
    "TUSD": 57624,
    "TX-alt": 57625,
    "TX": 57626,
    "UBQ-alt": 57627,
    "UBQ": 57628,
    "UNITY-alt": 57629,
    "UNITY": 57630,
    "USDC": 57631,
    "USDT-alt": 57632,
    "USDT": 57633,
    "USNBT": 57634,
    "VEN": 57635,
    "VIA-alt": 57636,
    "VIA": 57637,
    "VIB": 57638,
    "VIOR-alt": 57639,
    "VIOR": 57640,
    "VNL-alt": 57641,
    "VNL": 57642,
    "VPN-alt": 57643,
    "VPN": 57644,
    "VRC-alt": 57645,
    "VRC": 57646,
    "VTC-alt": 57647,
    "VTC": 57648,
    "WAVES-alt": 57649,
    "WAVES": 57650,
    "WAX": 57651,
    "WINGS": 57652,
    "WTC": 57653,
    "XAI-alt": 57654,
    "XAI": 57655,
    "XAUR": 57656,
    "XBC": 57657,
    "XBS-alt": 57658,
    "XBS": 57659,
    "XCP-alt": 57660,
    "XCP": 57661,
    "XDN": 57662,
    "XEM-alt": 57663,
    "XEM": 57664,
    "XLM-alt": 57665,
    "XLM": 57666,
    "XMO": 57667,
    "XMR": 57668,
    "XMY": 57669,
    "XPM-alt": 57670,
    "XPM": 57671,
    "XRP-alt": 57672,
    "XRP": 57673,
    "XTZ-alt": 57674,
    "XTZ": 57675,
    "XVC-alt": 57676,
    "XVC": 57677,
    "XVG-alt": 57678,
    "XVG": 57679,
    "XZC-alt": 57680,
    "XZC": 57681,
    "YBC-alt": 57682,
    "YBC": 57683,
    "ZAP": 57684,
    "ZCL": 57685,
    "ZEC-alt": 57686,
    "ZEC": 57687,
    "ZEIT-alt": 57688,
    "ZEIT": 57689,
    "ZEN": 57690,
    "ZIL": 57691,
    "ZRX-alt": 57692,
    "ZRX": 57693
  }
}
